{"train/loss": 0.0311, "train/grad_norm": 0.26911595463752747, "train/learning_rate": 7.461545810642973e-05, "train/epoch": 13.284608770421324, "train/global_step": 15450, "_timestamp": 1714612829.4202967, "_runtime": 169736.8622765541, "_step": 617}