{"train/loss": 1.3526, "train/grad_norm": 0.5891878604888916, "train/learning_rate": 8.598452278589854e-06, "train/epoch": 0.08598452278589853, "train/global_step": 100, "_timestamp": 1714442433.745257, "_runtime": 1100.9348728656769, "_step": 3}