{"train/loss": 0.0204, "train/grad_norm": 0.17179885506629944, "train/learning_rate": 9.553835865099839e-08, "train/epoch": 20.0, "train/global_step": 23260, "_timestamp": 1714870029.866795, "_runtime": 255633.94293618202, "_step": 930, "train_runtime": 255634.4486, "train_samples_per_second": 0.728, "train_steps_per_second": 0.091, "total_flos": 1.899929722033275e+18, "train_loss": 0.21162286373888328}