{"train/loss": 1.6612, "train/grad_norm": 0.5512454509735107, "train/learning_rate": 2.1496130696474635e-06, "train/epoch": 0.021496130696474634, "train/global_step": 25, "_timestamp": 1714613363.8192253, "_runtime": 279.2275264263153, "_step": 0}